word	pinyin	chinese	sentence1	sentence2	sentence3	sentence4	sentence5	sentence6	sentence7	sentence8	sentence9	sentence10
派	pai4	河流的支流	长江流域水系发达，大大小小的#派#纵横交错，形成了江南水乡独特的地理景观。	古代文人常在诗词中描写江河之#派#，以流水分流比喻人生的离别与际遇。	这条河流在下游分出数#派#，每一#派#都滋养着沿岸的农田和村落。	地理学家在考察报告中详细记录了这条大河的各个支#派#，为水利工程提供了重要参考。	黄河在入海口处分成多#派#，形成了壮观的三角洲地貌，是候鸟迁徙的重要栖息地。	古籍《水经注》中对各大河流的#派#系有着详尽的记载，是研究古代水文的珍贵资料。	这条支#派#虽然水量不大，却是当地居民世代依赖的灌溉水源和生活用水来源。	工程师们计划在河流的主要#派#口修建水闸，以便更好地调控水量和防止洪涝灾害。
派	pai4	流派或政治团体派系	这场学术争论持续了数十年，各#派#学者各执一词，至今仍未达成共识。	民国时期军阀割据，各#派#势力明争暗斗，百姓深受其苦，社会动荡不安。	在这次党内选举中，改革#派#与保守#派#的角力异常激烈，最终改革#派#以微弱优势胜出。	武术界门#派#众多，少林、武当、峨眉等各#派#都有自己独特的功法和传承体系。	这位画家早年师从印象#派#大师，后来自成一格，开创了独特的艺术风格。	议会中的反对#派#对政府的新政策提出了尖锐批评，要求重新审议相关法案。	佛教传入中国后逐渐分化为多个宗#派#，禅宗、净土宗等各#派#教义各有侧重。	公司内部形成了两个对立的#派#系，一派主张激进扩张，另一派则倾向稳健经营。
派	pai4	风格或流派的表现方式	这位年轻设计师的作品极具现代#派#风格，大胆运用几何线条和鲜艳色彩。	他的演讲很有学院#派#的味道，引经据典，逻辑严密，让听众印象深刻。	这部电影带有明显的黑色幽默#派#特征，用荒诞的手法讽刺社会现实。	她的穿着打扮总是走复古#派#路线，旗袍、盘发、珍珠项链是她的标志性搭配。	这家餐厅的装修风格偏向工业#派#，裸露的砖墙和金属管道营造出独特的氛围。	他写文章喜欢用学究#派#的笔法，旁征博引，注释详尽，读起来颇费功夫。	这位建筑师是极简#派#的忠实拥护者，他设计的建筑线条简洁，摒弃一切多余装饰。	当代艺术展上，抽象#派#的作品引发了观众的热烈讨论，有人赞叹有人困惑。
派	pai4	派遣人员或调派资源	公司决定#派#一支技术团队前往非洲，协助当地合作伙伴完成项目建设。	政府紧急#派#出救援队伍赶赴灾区，全力开展搜救和物资发放工作。	学校每年都会#派#优秀教师到偏远山区支教，为当地孩子带去知识和希望。	老板#派#我去上海出差一周，负责与客户洽谈新合同的具体条款。	医院#派#出最有经验的专家组成会诊团队，为这位疑难病患制定治疗方案。	联合国#派#遣维和部队进驻冲突地区，努力维护当地的和平与稳定。	母亲#派#我去超市买些蔬菜和水果，顺便把干洗好的衣服取回来。	部队接到命令后立即#派#出侦察小组，深入敌后收集情报。
派	pai4	用于计算派别或集团的量词	这场辩论赛中，正反两#派#选手唇枪舌剑，精彩纷呈，让观众大呼过瘾。	公司董事会分成了三#派#，在重大决策上经常意见相左，难以达成一致。	武林大会上，各#派#掌门齐聚一堂，共商江湖大事，场面蔚为壮观。	这个问题在学术界引发了激烈争论，形成了截然对立的两#派#观点。	村里的宗族势力分为几#派#，每到选举时节，各#派#之间的明争暗斗就格外激烈。	关于这部小说的解读，评论界大致分为三#派#，各有各的理论依据和支持者。	在这次改革方案的讨论中，支持和反对的两#派#人数几乎相当，投票结果难以预料。	历史上这个宗教曾分裂为多#派#，各#派#之间的教义分歧延续至今。
派	pai4	用于描写场面氛围的量词用法	春节期间，大街小巷张灯结彩，到处是一#派#喜气洋洋的节日景象。	经过多年的发展，这座曾经贫困的小镇如今呈现出一#派#欣欣向荣的面貌。	会议室里一#派#剑拔弩张的气氛，双方代表互不相让，谈判陷入僵局。	秋天的校园里，金黄的银杏叶铺满小径，一#派#诗情画意的景色令人陶醉。	灾后重建工作进展顺利，曾经满目疮痍的村庄如今已是一#派#生机勃勃。	老人回忆起战争年代，那时的家乡一#派#萧条破败，与现在的繁华形成鲜明对比。	婚礼现场布置得温馨浪漫，一#派#幸福甜蜜的氛围感染了在场的每一位宾客。	清晨的菜市场人声鼎沸，摊贩的叫卖声此起彼伏，一#派#热闹非凡的景象。
派	pai4	希腊字母π	数学老师在黑板上写下圆周率#派#的符号，开始讲解圆的周长和面积公式。	他能背诵#派#的小数点后一百位数字，这项特殊技能让同学们佩服不已。	在计算圆形游泳池的面积时，我们需要用到#派#这个常数，约等于三点一四一五九。	科学家们利用超级计算机将#派#的数值计算到了小数点后数万亿位，创下新纪录。	物理公式中经常出现#派#这个符号，它在波动、振动等领域的计算中不可或缺。	这道几何题要求用#派#来表示答案，不能用近似值代替，以保证计算的精确性。	古希腊数学家阿基米德是最早精确计算#派#值的学者之一，他的方法影响深远。	工程师在设计圆形零件时，必须精确运用#派#的数值，否则会影响产品的精度。
派	pai4	一种圆形馅饼食品	这家甜品店的苹果#派#远近闻名，酥脆的外皮配上香甜的苹果馅，让人回味无穷。	感恩节的餐桌上，南瓜#派#是必不可少的传统甜点，象征着丰收和感恩。	她花了一下午的时间学做蓝莓#派#，虽然卖相一般，但味道却出奇地好。	咖啡厅新推出的柠檬#派#酸甜可口，搭配一杯热拿铁，是下午茶的绝佳选择。	奶奶的拿手绝活是做樱桃#派#，每次家庭聚会，这道甜点总是最先被抢光。	这款巧克力#派#的热量很高，正在减肥的她只能看着别人享用，自己默默咽口水。	美式餐厅的招牌甜点是现烤的核桃#派#，配上一球香草冰淇淋，堪称完美搭配。	他在烘焙比赛中凭借一款创意芒果#派#获得了冠军，评委们对其独特风味赞不绝口。
公开	gong1 kai1	向公众公布或发布信息	政府决定#公开#所有官员的财产申报信息，以提高行政透明度和公信力。	这家上市公司按照规定及时#公开#了年度财务报告，接受投资者和监管部门的审查。	警方在案件侦破后召开新闻发布会，向媒体#公开#了案件的详细经过和调查结果。	研究团队将实验数据完全#公开#，供全球同行验证和参考，推动了该领域的学术进步。
要不	yao4 bu4	否则	你现在就出发吧，#要不#赶不上最后一班地铁，只能打车回家了。	快把作业写完，#要不#明天老师检查的时候你又要挨批评了。	我们得抓紧时间订酒店，#要不#等到旅游旺季，房价会涨得很厉害。	你最好现在就给她打电话道歉，#要不#这件事拖得越久越难收场。	赶紧把这些食材放进冰箱，#要不#天气这么热，用不了多久就会变质。	我们必须在截止日期前提交申请，#要不#就错过了这次难得的机会。	你应该多穿点衣服出门，#要不#晚上气温骤降，很容易感冒着凉。	快把手机充上电，#要不#等会儿出门导航到一半没电就麻烦了。
